rank,source,n,cumulative_pct
1,energies,24,7.2508
2,journal of cleaner production,12,10.8761
3,Sustainability,9,13.5952
4,energy,9,16.3142
5,energy procedia,9,19.0332
6,international journal of energy economics and policy,7,21.1480
7,procedia cirp,7,23.2628
8,energy and buildings,6,25.0755
9,energy efficiency,6,26.8882
10,Applied Sciences,5,28.3988
11,applied energy,5,29.9094
12,chemical engineering transactions,4,31.1178
13,eceee industrial summer study proceedings,4,32.3263
14,journal of physics: conference series,4,33.5347
15,sustainable energy technologies and assessments,4,34.7432
16,dyna (colombia),3,35.6495
17,e3s web of conferences,3,36.5559
18,iop conference series: earth and environmental science,3,37.4622
19,journal of building engineering,3,38.3686
20,processes,3,39.2749
21,strategic planning for energy and the environment,3,40.1813
22,"2011 proceedings of the 8th conference on the industrial and commercial use of energy, icue 2011",2,40.7855
23,"2025 5th international conference on innovative research in applied science, engineering and technology, iraset 2025",2,41.3897
24,"9th international youth conference on energy, iyce 2024",2,41.9940
25,"Proceedings of the Institution of Mechanical Engineers, Part B: Journal of Engineering Manufacture",2,42.5982
26,aip conference proceedings,2,43.2024
27,building and environment,2,43.8066
28,cleaner energy systems,2,44.4109
29,energy and environment,2,45.0151
30,energy conversion and management,2,45.6193
31,energy engineering: journal of the association of energy engineering,2,46.2236
32,energy reports,2,46.8278
33,"energy sources, part a: recovery, utilization and environmental effects",2,47.4320
34,ieee international conference on automation science and engineering,2,48.0363
35,"ieee international conference on emerging technologies and factory automation, etfa",2,48.6405
36,international journal of energy production and management,2,49.2447
37,international journal of sustainable energy planning and management,2,49.8489
38,international journal of sustainable engineering,2,50.4532
39,journal - american water works association,2,51.0574
40,"journal of sustainable development of energy, water and environment systems",2,51.6616
41,lecture notes in mechanical engineering,2,52.2659
42,materials today: proceedings,2,52.8701
43,proceedings aceee summer study on energy efficiency in industry,2,53.4743
44,"proceedings of the conference on the industrial and commercial use of energy, icue",2,54.0785
45,proceedings of the summer school francesco turco,2,54.6828
46,"society of petroleum engineers - 30th abu dhabi international petroleum exhibition and conference, adipec 2014: challenges and opportunities for the next 30 years",2,55.2870
47,society of petroleum engineers - abu dhabi international petroleum exhibition and conference 2016,2,55.8912
48,"society of petroleum engineers - abu dhabi international petroleum exhibition and conference, adipec 2015",2,56.4955
49,sustainable cities and society,2,57.0997
50,"10th international power and energy conference, ipec 2012",1,57.4018
51,"2015 5th international conference on electric drives production, edpc 2015 - proceedings",1,57.7039
52,"2016 ieee conference on technologies for sustainability, sustech 2016",1,58.0060
53,"2017 56th annual conference of the society of instrument and control engineers of japan, sice 2017",1,58.3082
54,"2017 ieee conference on energy conversion, cencon 2017",1,58.6103
55,"2019 2nd asia conference on energy and environment engineering, aceee 2019",1,58.9124
56,"2019 ieee 11th international conference on humanoid, nanotechnology, information technology, communication and control, environment, and management, hnicem 2019",1,59.2145
57,"2020 ieee 2nd international conference on electronics, control, optimization and computer science, icecocs 2020",1,59.5166
58,"2020 ieee european technology and engineering management summit, e-tems 2020",1,59.8187
59,"2020 ieee open conference of electrical, electronic and information sciences, estream 2020 - proceedings",1,60.1208
60,"2020 international conference on electrical and information technologies, iceit 2020",1,60.4230
61,"2021 international conference on applied and theoretical electricity, icate 2021 - proceedings",1,60.7251
62,"2022 international conference on renewable energies and smart technologies, rest 2022",1,61.0272
63,"2023 15th seminar on power electronics and control, sepoc 2023",1,61.3293
64,"2023 ieee 2nd industrial electronics society annual on-line conference, oncon 2023",1,61.6314
65,"2023 international conference on advances in electronics, control and communication systems, icaeccs 2023",1,61.9335
66,"2024 9th international conference on technology and energy management, ictem 2024",1,62.2356
67,"2024 ieee international conference on artificial intelligence and green energy, icaige 2024",1,62.5378
68,"7th international youth conference on energy, iyce 2019",1,62.8399
69,"8th international conference on recent advances and innovations in engineering: empowering computing, analytics, and engineering through digital innovation, icraie 2023",1,63.1420
70,agronomy research,1,63.4441
71,aims energy,1,63.7462
72,aistech - iron and steel technology conference proceedings,1,64.0483
73,annals of daaam and proceedings of the international daaam symposium,1,64.3505
74,applied system innovation,1,64.6526
75,applied thermal engineering,1,64.9547
76,asm science journal,1,65.2568
77,asse professional development conference and exposition 2013,1,65.5589
78,atmospheric environment: x,1,65.8610
79,automation in construction,1,66.1631
80,brazilian archives of biology and technology,1,66.4653
81,building simulation applications,1,66.7674
82,buildings,1,67.0695
83,buildsys 2015 - proceedings of the 2nd acm international conference on embedded systems for energy-efficient built,1,67.3716
84,canadian conference on electrical and computer engineering,1,67.6737
85,chemical engineering & technology,1,67.9758
86,chimia,1,68.2779
87,conference record - ias annual meeting (ieee industry applications society),1,68.5801
88,developments in the built environment,1,68.8822
89,eai endorsed transactions on energy web,1,69.1843
90,economic analysis and policy,1,69.4864
91,"ecos 2021 - 34th international conference on efficency, cost, optimization, simulation and environmental impact of energy systems",1,69.7885
92,"eesms 2016 - 2016 ieee workshop on environmental, energy, and structural monitoring systems, proceedings",1,70.0906
93,energy and ai,1,70.3927
94,energy economics,1,70.6949
95,energy for sustainable development,1,70.9970
96,energy informatics,1,71.2991
97,engineering for rural development,1,71.6012
98,engineering proceedings,1,71.9033
99,"environment, development and sustainability",1,72.2054
100,environmental and climate technologies,1,72.5076
101,epe 2018 - proceedings of the 2018 10th international conference and expositions on electrical and power engineering,1,72.8097
102,epe 2020 - proceedings of the 2020 11th international conference and exposition on electrical and power engineering,1,73.1118
103,ergonomics in design,1,73.4139
104,etcm 2024 - 8th ecuador technical chapters meeting,1,73.7160
105,eurasian mining,1,74.0181
106,facilities,1,74.3202
107,frontiers in sustainable cities,1,74.6224
108,fuel,1,74.9245
109,gestao e producao,1,75.2266
110,heliyon,1,75.5287
111,"icinco 2008 - 5th international conference on informatics in control, automation and robotics, proceedings",1,75.8308
112,ieee access,1,76.1329
113,ieee cement industry technical conference (paper),1,76.4350
114,ieee latin america transactions,1,76.7372
115,ieee transactions on cybernetics,1,77.0393
116,ifac-papersonline,1,77.3414
117,ifip advances in information and communication technology,1,77.6435
118,indonesian journal of electrical engineering and computer science,1,77.9456
119,ingeniare,1,78.2477
120,ingenieria y competitividad,1,78.5498
121,"intelec, international telecommunications energy conference (proceedings)",1,78.8520
122,international business management,1,79.1541
123,international energy journal,1,79.4562
124,international journal of advanced manufacturing technology,1,79.7583
125,international journal of ambient energy,1,80.0604
126,international journal of energy research,1,80.3625
127,international journal of energy sector management,1,80.6647
128,international journal of engineering business management,1,80.9668
129,international journal of enterprise information systems,1,81.2689
130,international journal of environmental science and technology,1,81.5710
131,international journal of renewable energy development,1,81.8731
132,international journal of smart grid and clean energy,1,82.1752
133,international journal of sustainable transportation,1,82.4773
134,"international journal on advanced science, engineering and information technology",1,82.7795
135,international journal on interactive design and manufacturing,1,83.0816
136,international journal on technical and physical problems of engineering,1,83.3837
137,"international multidisciplinary scientific geoconference surveying geology and mining ecology management, sgem",1,83.6858
138,iop conference series: materials science and engineering,1,83.9879
139,journal of air transport management,1,84.2900
140,journal of applied research on industrial engineering,1,84.5921
141,journal of engineering and technology for industrial applications,1,84.8943
142,journal of environmental engineering (japan),1,85.1964
143,journal of environmental management,1,85.4985
144,journal of facilities management,1,85.8006
145,journal of industrial ecology,1,86.1027
146,journal of mechanical engineering,1,86.4048
147,journal of renewable energy and smart grid technology,1,86.7069
148,journal of thermal engineering,1,87.0091
149,jurnal teknologi,1,87.3112
150,key engineering materials,1,87.6133
151,lecture notes in electrical engineering,1,87.9154
152,"linked data in architecture and construction 2025, ldac 2025",1,88.2175
153,management and marketing,1,88.5196
154,management and production engineering review,1,88.8218
155,mathematical problems in engineering,1,89.1239
156,metallurgist,1,89.4260
157,methodsx,1,89.7281
158,microsystem technologies,1,90.0302
159,"minerals, metals and materials series",1,90.3323
160,"mining, metallurgy and exploration",1,90.6344
161,pakistan journal of engineering and applied sciences,1,90.9366
162,"picmet 2018 - portland international conference on management of engineering and technology: managing technological entrepreneurship: the engine for economic growth, proceedings",1,91.2387
163,problems of the regional energetics,1,91.5408
164,procedia computer science,1,91.8429
165,procedia manufacturing,1,92.1450
166,"proceedings - 2013 ieee 3rd international conference on cloud and green computing, cgc 2013 and 2013 ieee 3rd international conference on social computing and its applications, sca 2013",1,92.4471
167,"proceedings - 2014 12th ieee international conference on industrial informatics, indin 2014",1,92.7492
168,"proceedings of 2019 7th international renewable and sustainable energy conference, irsec 2019",1,93.0514
169,"proceedings of 2019 international conference on energy and environment, ciem 2019",1,93.3535
170,"proceedings of 2021 10th international conference on energy and environment, ciem 2021",1,93.6556
171,"proceedings of 2021 9th international conference on modern power systems, mps 2021",1,93.9577
172,proceedings of bs 2013: 13th conference of the international building performance simulation association,1,94.2598
173,"proceedings of the 2018 federated conference on computer science and information systems, fedcsis 2018",1,94.5619
174,"proceedings of the 25th ieee international conference on problems of automated electric drive. theory and practice, paep 2020",1,94.8640
175,proceedings of the estonian academy of sciences,1,95.1662
176,proceedings of the international conference on industrial engineering and operations management,1,95.4683
177,quality innovation prosperity,1,95.7704
178,rem - international engineering journal.,1,96.0725
179,renewable energy,1,96.3746
180,renewable energy and power quality journal,1,96.6767
181,resources,1,96.9789
182,results in control and optimization,1,97.2810
183,rocznik ochrona srodowiska,1,97.5831
184,sae international journal of materials and manufacturing,1,97.8852
185,sae technical papers,1,98.1873
186,"society of petroleum engineers - 9th international conference on health, safety and environment in oil and gas exploration and production 2008 - ""in search of sustainable excellence""",1,98.4894
187,society of petroleum engineers - carbon management technology conference 2012,1,98.7915
188,society of petroleum engineers - spe artificial lift conference and exhibition - americas 2018,1,99.0937
189,solar energy,1,99.3958
190,transactions on energy systems and engineering applications,1,99.6979
191,water science and technology,1,100.0000
